{
    "version": "0.4",
    "title": "Contact us",
    "type": "page",
    "metadata": {
        "template_type": "single-page",
        "include_in_zip": "1",
        "elementor_pro_required": null,
        "wp_page_template": "elementor_header_footer"
    },
    "content": [
        {
            "id": "538730a3",
            "settings": {
                "flex_direction": "column",
                "background_overlay_background": "classic",
                "background_overlay_image": {
                    "url": "https:\/\/zenlift.tokotema.com\/wp-content\/uploads\/2024\/05\/a-cheerful-african-american-woman-is-having-a-sess-2023-11-27-05-00-27-utc-2.png",
                    "id": 14,
                    "size": "",
                    "alt": "",
                    "source": "library"
                },
                "background_overlay_position": "center center",
                "background_overlay_repeat": "no-repeat",
                "background_overlay_size": "cover",
                "background_overlay_opacity": {
                    "unit": "px",
                    "size": 1,
                    "sizes": []
                },
                "padding": {
                    "unit": "px",
                    "top": "240",
                    "right": "0",
                    "bottom": "240",
                    "left": "0",
                    "isLinked": false
                },
                "padding_tablet": {
                    "unit": "px",
                    "top": "160",
                    "right": "0",
                    "bottom": "150",
                    "left": "0",
                    "isLinked": false
                },
                "padding_mobile": {
                    "unit": "px",
                    "top": "150",
                    "right": "30",
                    "bottom": "40",
                    "left": "30",
                    "isLinked": false
                }
            },
            "elements": [
                {
                    "id": "4fefb8f4",
                    "settings": {
                        "content_width": "full",
                        "width": {
                            "unit": "%",
                            "size": 50,
                            "sizes": []
                        },
                        "flex_gap": {
                            "column": "14",
                            "row": "14",
                            "isLinked": true,
                            "unit": "px",
                            "size": 14
                        },
                        "padding": {
                            "unit": "px",
                            "top": "0",
                            "right": "0",
                            "bottom": "0",
                            "left": "0",
                            "isLinked": false
                        },
                        "_flex_align_self": "center"
                    },
                    "elements": [
                        {
                            "id": "4a810ba9",
                            "settings": {
                                "title": "Contact Us",
                                "align": "center",
                                "__globals__": {
                                    "title_color": "globals\/colors?id=80dac37",
                                    "typography_typography": "globals\/typography?id=a823db3"
                                }
                            },
                            "elements": [],
                            "isInner": false,
                            "widgetType": "heading",
                            "elType": "widget"
                        },
                        {
                            "id": "5ee6e85f",
                            "settings": {
                                "text": "Divider",
                                "gap": {
                                    "unit": "px",
                                    "size": 2,
                                    "sizes": []
                                },
                                "__globals__": {
                                    "color": "globals\/colors?id=80dac37"
                                }
                            },
                            "elements": [],
                            "isInner": false,
                            "widgetType": "divider",
                            "elType": "widget"
                        },
                        {
                            "id": "657a342c",
                            "settings": {
                                "title": "Odio cras proin proin sit quis fringilla aliquet. Consectetur elementum viverra egestas egestas nulla ullamcorper varius quam.",
                                "header_size": "p",
                                "align": "center",
                                "_element_width": "inherit",
                                "_element_custom_width": {
                                    "unit": "%",
                                    "size": 53,
                                    "sizes": []
                                },
                                "_flex_align_self": "center",
                                "__globals__": {
                                    "title_color": "globals\/colors?id=da114f6",
                                    "typography_typography": "globals\/typography?id=7595f76"
                                }
                            },
                            "elements": [],
                            "isInner": false,
                            "widgetType": "heading",
                            "elType": "widget"
                        }
                    ],
                    "isInner": true,
                    "elType": "container"
                }
            ],
            "isInner": false,
            "elType": "container"
        },
        {
            "id": "3aa19087",
            "settings": {
                "flex_direction": "row",
                "flex_direction_tablet": "column",
                "padding": {
                    "unit": "px",
                    "top": "120",
                    "right": "0",
                    "bottom": "120",
                    "left": "0",
                    "isLinked": false
                },
                "padding_tablet": {
                    "unit": "px",
                    "top": "40",
                    "right": "40",
                    "bottom": "40",
                    "left": "40",
                    "isLinked": true
                },
                "padding_mobile": {
                    "unit": "px",
                    "top": "40",
                    "right": "30",
                    "bottom": "40",
                    "left": "30",
                    "isLinked": false
                },
                "flex_gap": {
                    "column": "80",
                    "row": "80",
                    "isLinked": true,
                    "unit": "px",
                    "size": 80
                }
            },
            "elements": [
                {
                    "id": "44039551",
                    "settings": {
                        "content_width": "full",
                        "padding": {
                            "unit": "px",
                            "top": "0",
                            "right": "0",
                            "bottom": "0",
                            "left": "0",
                            "isLinked": false
                        }
                    },
                    "elements": [
                        {
                            "id": "5a92e59f",
                            "settings": {
                                "content_width": "full",
                                "flex_direction": "row",
                                "flex_align_items": "center",
                                "flex_gap": {
                                    "column": "16",
                                    "row": "16",
                                    "isLinked": true,
                                    "unit": "px",
                                    "size": 16
                                },
                                "padding": {
                                    "unit": "px",
                                    "top": "0",
                                    "right": "0",
                                    "bottom": "0",
                                    "left": "0",
                                    "isLinked": false
                                }
                            },
                            "elements": [
                                {
                                    "id": "515b9daf",
                                    "settings": {
                                        "image": {
                                            "url": "https:\/\/zenlift.tokotema.com\/wp-content\/uploads\/2024\/05\/Star-1.png",
                                            "id": 51,
                                            "size": "",
                                            "alt": "",
                                            "source": "library"
                                        }
                                    },
                                    "elements": [],
                                    "isInner": false,
                                    "widgetType": "image",
                                    "elType": "widget"
                                },
                                {
                                    "id": "6d0a0d00",
                                    "settings": {
                                        "title": "How It Works",
                                        "__globals__": {
                                            "typography_typography": "globals\/typography?id=b651d46"
                                        }
                                    },
                                    "elements": [],
                                    "isInner": false,
                                    "widgetType": "heading",
                                    "elType": "widget"
                                }
                            ],
                            "isInner": true,
                            "elType": "container"
                        },
                        {
                            "id": "26e58239",
                            "settings": {
                                "title": "We\u2019d Love to Hear From You",
                                "_element_width": "initial",
                                "_element_width_mobile": "inherit",
                                "_element_custom_width": {
                                    "unit": "%",
                                    "size": 72,
                                    "sizes": []
                                },
                                "__globals__": {
                                    "typography_typography": "globals\/typography?id=2a959d6"
                                },
                                "_margin": {
                                    "unit": "px",
                                    "top": "0",
                                    "right": "0",
                                    "bottom": "0",
                                    "left": "0",
                                    "isLinked": false
                                }
                            },
                            "elements": [],
                            "isInner": false,
                            "widgetType": "heading",
                            "elType": "widget"
                        },
                        {
                            "id": "50e4c4fb",
                            "settings": {
                                "editor": "<p>Vulputate bibendum erat morbi interdum diam sit. Eu sit dolor vel sodales sed nibh ut. Ac fringilla fames eget a aliquet. Gravida placerat viverra purus sed ac ultricies sem nulla.<\/p>",
                                "__globals__": {
                                    "typography_typography": "globals\/typography?id=7595f76"
                                }
                            },
                            "elements": [],
                            "isInner": false,
                            "widgetType": "text-editor",
                            "elType": "widget"
                        },
                        {
                            "id": "106e4ce",
                            "settings": {
                                "content_width": "full",
                                "margin": {
                                    "unit": "px",
                                    "top": "50",
                                    "right": "0",
                                    "bottom": "0",
                                    "left": "0",
                                    "isLinked": false
                                },
                                "padding": {
                                    "unit": "px",
                                    "top": "0",
                                    "right": "0",
                                    "bottom": "0",
                                    "left": "0",
                                    "isLinked": false
                                }
                            },
                            "elements": [
                                {
                                    "id": "2af81e66",
                                    "settings": {
                                        "selected_icon": {
                                            "value": "jki jki-phone-line",
                                            "library": "jkiticon"
                                        },
                                        "view": "stacked",
                                        "title_text": "Phone Number",
                                        "description_text": "+987 654 3210",
                                        "position": "left",
                                        "position_mobile": "left",
                                        "content_vertical_alignment": "middle",
                                        "content_vertical_alignment_mobile": "top",
                                        "title_bottom_space": {
                                            "unit": "px",
                                            "size": 0,
                                            "sizes": []
                                        },
                                        "icon_size": {
                                            "unit": "px",
                                            "size": 14,
                                            "sizes": []
                                        },
                                        "icon_padding": {
                                            "unit": "px",
                                            "size": 10,
                                            "sizes": []
                                        },
                                        "__globals__": {
                                            "title_typography_typography": "globals\/typography?id=164054c",
                                            "description_typography_typography": "globals\/typography?id=3f78ea6",
                                            "primary_color": "globals\/colors?id=9c705cd",
                                            "secondary_color": "globals\/colors?id=80dac37"
                                        }
                                    },
                                    "elements": [],
                                    "isInner": false,
                                    "widgetType": "icon-box",
                                    "elType": "widget"
                                },
                                {
                                    "id": "1470a657",
                                    "settings": {
                                        "text": "Divider",
                                        "gap": {
                                            "unit": "px",
                                            "size": 2,
                                            "sizes": []
                                        },
                                        "__globals__": {
                                            "color": "globals\/colors?id=c8be4ca"
                                        }
                                    },
                                    "elements": [],
                                    "isInner": false,
                                    "widgetType": "divider",
                                    "elType": "widget"
                                },
                                {
                                    "id": "69b49bb1",
                                    "settings": {
                                        "selected_icon": {
                                            "value": "far fa-clock",
                                            "library": "fa-regular"
                                        },
                                        "view": "stacked",
                                        "title_text": "Business Hours",
                                        "description_text": "Mon-Fri, 07.00-16.00",
                                        "position": "left",
                                        "position_mobile": "left",
                                        "content_vertical_alignment": "middle",
                                        "content_vertical_alignment_mobile": "top",
                                        "title_bottom_space": {
                                            "unit": "px",
                                            "size": 0,
                                            "sizes": []
                                        },
                                        "icon_size": {
                                            "unit": "px",
                                            "size": 14,
                                            "sizes": []
                                        },
                                        "icon_padding": {
                                            "unit": "px",
                                            "size": 10,
                                            "sizes": []
                                        },
                                        "__globals__": {
                                            "title_typography_typography": "globals\/typography?id=164054c",
                                            "description_typography_typography": "globals\/typography?id=3f78ea6",
                                            "primary_color": "globals\/colors?id=9c705cd",
                                            "secondary_color": "globals\/colors?id=80dac37"
                                        }
                                    },
                                    "elements": [],
                                    "isInner": false,
                                    "widgetType": "icon-box",
                                    "elType": "widget"
                                },
                                {
                                    "id": "3f87c9e2",
                                    "settings": {
                                        "text": "Divider",
                                        "gap": {
                                            "unit": "px",
                                            "size": 2,
                                            "sizes": []
                                        },
                                        "__globals__": {
                                            "color": "globals\/colors?id=c8be4ca"
                                        }
                                    },
                                    "elements": [],
                                    "isInner": false,
                                    "widgetType": "divider",
                                    "elType": "widget"
                                },
                                {
                                    "id": "722d2a8c",
                                    "settings": {
                                        "selected_icon": {
                                            "value": "jki jki-map-marker1-light",
                                            "library": "jkiticon"
                                        },
                                        "view": "stacked",
                                        "title_text": "Address",
                                        "description_text": "7676 Arden Avenue, Ginashire ",
                                        "position": "left",
                                        "position_mobile": "left",
                                        "content_vertical_alignment": "middle",
                                        "content_vertical_alignment_mobile": "top",
                                        "title_bottom_space": {
                                            "unit": "px",
                                            "size": 0,
                                            "sizes": []
                                        },
                                        "icon_size": {
                                            "unit": "px",
                                            "size": 14,
                                            "sizes": []
                                        },
                                        "icon_padding": {
                                            "unit": "px",
                                            "size": 10,
                                            "sizes": []
                                        },
                                        "__globals__": {
                                            "title_typography_typography": "globals\/typography?id=164054c",
                                            "description_typography_typography": "globals\/typography?id=3f78ea6",
                                            "primary_color": "globals\/colors?id=9c705cd",
                                            "secondary_color": "globals\/colors?id=80dac37"
                                        }
                                    },
                                    "elements": [],
                                    "isInner": false,
                                    "widgetType": "icon-box",
                                    "elType": "widget"
                                }
                            ],
                            "isInner": true,
                            "elType": "container"
                        }
                    ],
                    "isInner": true,
                    "elType": "container"
                },
                {
                    "id": "25928006",
                    "settings": {
                        "content_width": "full",
                        "padding": {
                            "unit": "px",
                            "top": "0",
                            "right": "0",
                            "bottom": "0",
                            "left": "0",
                            "isLinked": false
                        }
                    },
                    "elements": [
                        {
                            "id": "81952fe",
                            "settings": {
                                "background_background": "classic",
                                "border_radius": {
                                    "unit": "px",
                                    "top": "30",
                                    "right": "30",
                                    "bottom": "30",
                                    "left": "30",
                                    "isLinked": true
                                },
                                "padding": {
                                    "unit": "px",
                                    "top": "50",
                                    "right": "50",
                                    "bottom": "50",
                                    "left": "50",
                                    "isLinked": true
                                },
                                "padding_mobile": {
                                    "unit": "px",
                                    "top": "20",
                                    "right": "20",
                                    "bottom": "20",
                                    "left": "20",
                                    "isLinked": true
                                },
                                "__globals__": {
                                    "background_color": "globals\/colors?id=1c63132"
                                }
                            },
                            "elements": [
                                {
                                    "id": "6a9b30ff",
                                    "settings": {
                                        "mf_form_id": "215***1716215926341"
                                    },
                                    "elements": [],
                                    "isInner": false,
                                    "widgetType": "metform",
                                    "elType": "widget"
                                }
                            ],
                            "isInner": true,
                            "elType": "container"
                        }
                    ],
                    "isInner": true,
                    "elType": "container"
                }
            ],
            "isInner": false,
            "elType": "container"
        },
        {
            "id": "8398233",
            "settings": {
                "flex_direction": "row",
                "flex_gap": {
                    "column": "80",
                    "row": "80",
                    "isLinked": true,
                    "unit": "px",
                    "size": 80
                },
                "padding": {
                    "unit": "px",
                    "top": "120",
                    "right": "0",
                    "bottom": "120",
                    "left": "0",
                    "isLinked": false
                },
                "flex_direction_tablet": "column",
                "flex_gap_mobile": {
                    "column": "40",
                    "row": "40",
                    "isLinked": true,
                    "unit": "px",
                    "size": 40
                },
                "padding_tablet": {
                    "unit": "px",
                    "top": "40",
                    "right": "40",
                    "bottom": "40",
                    "left": "40",
                    "isLinked": true
                },
                "padding_mobile": {
                    "unit": "px",
                    "top": "40",
                    "right": "30",
                    "bottom": "40",
                    "left": "30",
                    "isLinked": false
                },
                "background_background": "classic",
                "__globals__": {
                    "background_color": "globals\/colors?id=4606ccd"
                }
            },
            "elements": [
                {
                    "id": "759a454b",
                    "settings": {
                        "content_width": "full",
                        "padding": {
                            "unit": "px",
                            "top": "0",
                            "right": "0",
                            "bottom": "0",
                            "left": "0",
                            "isLinked": false
                        }
                    },
                    "elements": [
                        {
                            "id": "2738880d",
                            "settings": {
                                "image": {
                                    "url": "https:\/\/zenlift.tokotema.com\/wp-content\/uploads\/2024\/05\/Image-4.png",
                                    "id": 26,
                                    "size": "",
                                    "alt": "",
                                    "source": "library"
                                }
                            },
                            "elements": [],
                            "isInner": false,
                            "widgetType": "image",
                            "elType": "widget"
                        }
                    ],
                    "isInner": true,
                    "elType": "container"
                },
                {
                    "id": "7adcda77",
                    "settings": {
                        "content_width": "full",
                        "padding": {
                            "unit": "px",
                            "top": "0",
                            "right": "0",
                            "bottom": "0",
                            "left": "0",
                            "isLinked": false
                        }
                    },
                    "elements": [
                        {
                            "id": "3cef2281",
                            "settings": {
                                "content_width": "full",
                                "flex_direction": "row",
                                "flex_align_items": "center",
                                "flex_gap": {
                                    "column": "16",
                                    "row": "16",
                                    "isLinked": true,
                                    "unit": "px",
                                    "size": 16
                                },
                                "padding": {
                                    "unit": "px",
                                    "top": "0",
                                    "right": "0",
                                    "bottom": "0",
                                    "left": "0",
                                    "isLinked": false
                                }
                            },
                            "elements": [
                                {
                                    "id": "498445f4",
                                    "settings": {
                                        "image": {
                                            "url": "https:\/\/zenlift.tokotema.com\/wp-content\/uploads\/2024\/05\/Star-1.png",
                                            "id": 51,
                                            "size": "",
                                            "alt": "",
                                            "source": "library"
                                        }
                                    },
                                    "elements": [],
                                    "isInner": false,
                                    "widgetType": "image",
                                    "elType": "widget"
                                },
                                {
                                    "id": "290e2068",
                                    "settings": {
                                        "title": "Statistic",
                                        "__globals__": {
                                            "typography_typography": "globals\/typography?id=b651d46"
                                        }
                                    },
                                    "elements": [],
                                    "isInner": false,
                                    "widgetType": "heading",
                                    "elType": "widget"
                                }
                            ],
                            "isInner": true,
                            "elType": "container"
                        },
                        {
                            "id": "19458dad",
                            "settings": {
                                "content_width": "full",
                                "padding": {
                                    "unit": "px",
                                    "top": "0",
                                    "right": "0",
                                    "bottom": "0",
                                    "left": "0",
                                    "isLinked": false
                                }
                            },
                            "elements": [
                                {
                                    "id": "521a7b62",
                                    "settings": {
                                        "title": "Mental Health by the Numbers",
                                        "_element_width": "inherit",
                                        "_element_width_mobile": "inherit",
                                        "_element_custom_width": {
                                            "unit": "%",
                                            "size": 72,
                                            "sizes": []
                                        },
                                        "__globals__": {
                                            "typography_typography": "globals\/typography?id=2a959d6"
                                        }
                                    },
                                    "elements": [],
                                    "isInner": false,
                                    "widgetType": "heading",
                                    "elType": "widget"
                                },
                                {
                                    "id": "4e098332",
                                    "settings": {
                                        "editor": "<p>Vulputate bibendum erat morbi interdum diam sit. Eu sit dolor vel sodales sed nibh ut. Ac fringilla fames eget a aliquet. Gravida placerat viverra purus sed ac ultricies sem nulla.<\/p>"
                                    },
                                    "elements": [],
                                    "isInner": false,
                                    "widgetType": "text-editor",
                                    "elType": "widget"
                                },
                                {
                                    "id": "30e469c9",
                                    "settings": {
                                        "content_width": "full",
                                        "width": {
                                            "unit": "%",
                                            "size": 75,
                                            "sizes": []
                                        },
                                        "flex_direction": "row",
                                        "flex_justify_content": "space-between",
                                        "margin": {
                                            "unit": "px",
                                            "top": "40",
                                            "right": "0",
                                            "bottom": "0",
                                            "left": "0",
                                            "isLinked": false
                                        },
                                        "padding": {
                                            "unit": "px",
                                            "top": "0",
                                            "right": "0",
                                            "bottom": "0",
                                            "left": "0",
                                            "isLinked": false
                                        },
                                        "width_tablet": {
                                            "unit": "%",
                                            "size": 50,
                                            "sizes": []
                                        },
                                        "width_mobile": {
                                            "unit": "%",
                                            "size": "",
                                            "sizes": []
                                        },
                                        "margin_tablet": {
                                            "unit": "px",
                                            "top": "0",
                                            "right": "0",
                                            "bottom": "0",
                                            "left": "0",
                                            "isLinked": false
                                        }
                                    },
                                    "elements": [
                                        {
                                            "id": "6ce25cb8",
                                            "settings": {
                                                "ending_number": 500,
                                                "suffix": "+",
                                                "title": "Satisfied Clients",
                                                "title_gap": {
                                                    "unit": "px",
                                                    "size": 14,
                                                    "sizes": []
                                                },
                                                "__globals__": {
                                                    "number_color": "globals\/colors?id=primary",
                                                    "typography_number_typography": "globals\/typography?id=0c5bfd4",
                                                    "title_color": "globals\/colors?id=secondary",
                                                    "typography_title_typography": "globals\/typography?id=05a429e"
                                                }
                                            },
                                            "elements": [],
                                            "isInner": false,
                                            "widgetType": "counter",
                                            "elType": "widget"
                                        },
                                        {
                                            "id": "4faa57cf",
                                            "settings": {
                                                "ending_number": 1200,
                                                "suffix": "+",
                                                "title": "Positive Reviews",
                                                "title_gap": {
                                                    "unit": "px",
                                                    "size": 14,
                                                    "sizes": []
                                                },
                                                "__globals__": {
                                                    "number_color": "globals\/colors?id=primary",
                                                    "typography_number_typography": "globals\/typography?id=0c5bfd4",
                                                    "title_color": "globals\/colors?id=secondary",
                                                    "typography_title_typography": "globals\/typography?id=05a429e"
                                                }
                                            },
                                            "elements": [],
                                            "isInner": false,
                                            "widgetType": "counter",
                                            "elType": "widget"
                                        }
                                    ],
                                    "isInner": true,
                                    "elType": "container"
                                },
                                {
                                    "id": "565e9633",
                                    "settings": {
                                        "content_width": "full",
                                        "width": {
                                            "unit": "%",
                                            "size": 75,
                                            "sizes": []
                                        },
                                        "flex_direction": "row",
                                        "flex_justify_content": "space-between",
                                        "margin": {
                                            "unit": "px",
                                            "top": "40",
                                            "right": "0",
                                            "bottom": "0",
                                            "left": "0",
                                            "isLinked": false
                                        },
                                        "padding": {
                                            "unit": "px",
                                            "top": "0",
                                            "right": "0",
                                            "bottom": "0",
                                            "left": "0",
                                            "isLinked": false
                                        },
                                        "width_tablet": {
                                            "unit": "%",
                                            "size": 50,
                                            "sizes": []
                                        },
                                        "width_mobile": {
                                            "unit": "%",
                                            "size": "",
                                            "sizes": []
                                        }
                                    },
                                    "elements": [
                                        {
                                            "id": "497fedfe",
                                            "settings": {
                                                "ending_number": 200,
                                                "suffix": "+",
                                                "title": "Workshops Held",
                                                "title_gap": {
                                                    "unit": "px",
                                                    "size": 14,
                                                    "sizes": []
                                                },
                                                "__globals__": {
                                                    "number_color": "globals\/colors?id=primary",
                                                    "typography_number_typography": "globals\/typography?id=0c5bfd4",
                                                    "title_color": "globals\/colors?id=secondary",
                                                    "typography_title_typography": "globals\/typography?id=05a429e"
                                                }
                                            },
                                            "elements": [],
                                            "isInner": false,
                                            "widgetType": "counter",
                                            "elType": "widget"
                                        },
                                        {
                                            "id": "32e6070d",
                                            "settings": {
                                                "ending_number": 1800,
                                                "suffix": "+",
                                                "title": "Therapy Sessions",
                                                "title_gap": {
                                                    "unit": "px",
                                                    "size": 14,
                                                    "sizes": []
                                                },
                                                "__globals__": {
                                                    "number_color": "globals\/colors?id=primary",
                                                    "typography_number_typography": "globals\/typography?id=0c5bfd4",
                                                    "title_color": "globals\/colors?id=secondary",
                                                    "typography_title_typography": "globals\/typography?id=05a429e"
                                                }
                                            },
                                            "elements": [],
                                            "isInner": false,
                                            "widgetType": "counter",
                                            "elType": "widget"
                                        }
                                    ],
                                    "isInner": true,
                                    "elType": "container"
                                }
                            ],
                            "isInner": true,
                            "elType": "container"
                        }
                    ],
                    "isInner": true,
                    "elType": "container"
                }
            ],
            "isInner": false,
            "elType": "container"
        },
        {
            "id": "2090ffc6",
            "settings": {
                "flex_direction": "row",
                "flex_gap": {
                    "column": "80",
                    "row": "80",
                    "isLinked": true,
                    "unit": "px",
                    "size": 80
                },
                "padding": {
                    "unit": "px",
                    "top": "120",
                    "right": "0",
                    "bottom": "120",
                    "left": "0",
                    "isLinked": false
                },
                "flex_direction_tablet": "column",
                "flex_gap_mobile": {
                    "column": "40",
                    "row": "40",
                    "isLinked": true,
                    "unit": "px",
                    "size": 40
                },
                "padding_tablet": {
                    "unit": "px",
                    "top": "40",
                    "right": "40",
                    "bottom": "40",
                    "left": "40",
                    "isLinked": true
                },
                "padding_mobile": {
                    "unit": "px",
                    "top": "40",
                    "right": "30",
                    "bottom": "40",
                    "left": "30",
                    "isLinked": false
                }
            },
            "elements": [
                {
                    "id": "795899ba",
                    "settings": {
                        "content_width": "full",
                        "padding": {
                            "unit": "px",
                            "top": "0",
                            "right": "0",
                            "bottom": "0",
                            "left": "0",
                            "isLinked": false
                        },
                        "flex_justify_content": "center",
                        "_flex_order_tablet": "start"
                    },
                    "elements": [
                        {
                            "id": "1169645a",
                            "settings": {
                                "content_width": "full",
                                "flex_direction": "row",
                                "flex_align_items": "center",
                                "flex_gap": {
                                    "column": "16",
                                    "row": "16",
                                    "isLinked": true,
                                    "unit": "px",
                                    "size": 16
                                },
                                "padding": {
                                    "unit": "px",
                                    "top": "0",
                                    "right": "0",
                                    "bottom": "0",
                                    "left": "0",
                                    "isLinked": false
                                }
                            },
                            "elements": [
                                {
                                    "id": "70e92e21",
                                    "settings": {
                                        "image": {
                                            "url": "https:\/\/zenlift.tokotema.com\/wp-content\/uploads\/2024\/05\/Star-1.png",
                                            "id": 51,
                                            "size": "",
                                            "alt": "",
                                            "source": "library"
                                        }
                                    },
                                    "elements": [],
                                    "isInner": false,
                                    "widgetType": "image",
                                    "elType": "widget"
                                },
                                {
                                    "id": "7155cdb9",
                                    "settings": {
                                        "title": "Faq",
                                        "__globals__": {
                                            "typography_typography": "globals\/typography?id=b651d46"
                                        }
                                    },
                                    "elements": [],
                                    "isInner": false,
                                    "widgetType": "heading",
                                    "elType": "widget"
                                }
                            ],
                            "isInner": true,
                            "elType": "container"
                        },
                        {
                            "id": "454848",
                            "settings": {
                                "title": "Your Questions Answered",
                                "_element_width": "inherit",
                                "_element_width_mobile": "inherit",
                                "_element_custom_width": {
                                    "unit": "%",
                                    "size": 72,
                                    "sizes": []
                                },
                                "__globals__": {
                                    "typography_typography": "globals\/typography?id=2a959d6"
                                },
                                "_margin": {
                                    "unit": "px",
                                    "top": "0",
                                    "right": "0",
                                    "bottom": "20",
                                    "left": "0",
                                    "isLinked": false
                                }
                            },
                            "elements": [],
                            "isInner": false,
                            "widgetType": "heading",
                            "elType": "widget"
                        },
                        {
                            "id": "57b1acd1",
                            "settings": {
                                "sg_accordion_list": [
                                    {
                                        "sg_accordion_list_title": "How can I schedule an appointment?",
                                        "sg_accordion_list_content": "<p>Vulputate bibendum erat morbi interdum diam sit. Eu sit dolor vel sodales sed nibh ut. Ac fringilla fames eget a aliquet. Gravida placerat viverra purus sed ac ultricies sem nulla.<\/p>",
                                        "_id": "70abef0"
                                    },
                                    {
                                        "sg_accordion_list_title": "Do you accept insurance?",
                                        "sg_accordion_list_content": "<p>Vulputate bibendum erat morbi interdum diam sit. Eu sit dolor vel sodales sed nibh ut. Ac fringilla fames eget a aliquet. Gravida placerat viverra purus sed ac ultricies sem nulla.<\/p>",
                                        "_id": "54449a1"
                                    },
                                    {
                                        "sg_accordion_list_title": "What types of payment do you accept?",
                                        "sg_accordion_list_content": "<p>Vulputate bibendum erat morbi interdum diam sit. Eu sit dolor vel sodales sed nibh ut. Ac fringilla fames eget a aliquet. Gravida placerat viverra purus sed ac ultricies sem nulla.<\/p>",
                                        "_id": "a8e9bbc"
                                    },
                                    {
                                        "sg_accordion_list_title": "Are your services confidential?",
                                        "sg_accordion_list_content": "<p>Vulputate bibendum erat morbi interdum diam sit. Eu sit dolor vel sodales sed nibh ut. Ac fringilla fames eget a aliquet. Gravida placerat viverra purus sed ac ultricies sem nulla.<\/p>",
                                        "_id": "36436f9"
                                    }
                                ],
                                "sg_icon_right": {
                                    "value": "jki jki-arrow-down-solid",
                                    "library": "jkiticon"
                                },
                                "sg_icon_right_active": {
                                    "value": "jki jki-arrow-up-solid",
                                    "library": "jkiticon"
                                },
                                "st_wrapper_margin_responsive": {
                                    "unit": "px",
                                    "top": "0",
                                    "right": "0",
                                    "bottom": "20",
                                    "left": "0",
                                    "isLinked": false
                                },
                                "st_wrapper_open_background_background_background": "classic",
                                "st_title_open_background_background_background": "classic",
                                "st_title_open_border_radius_responsive": {
                                    "unit": "px",
                                    "top": "99",
                                    "right": "99",
                                    "bottom": "99",
                                    "left": "99",
                                    "isLinked": true
                                },
                                "st_title_close_background_background_background": "classic",
                                "st_title_close_border_radius_responsive": {
                                    "unit": "px",
                                    "top": "99",
                                    "right": "99",
                                    "bottom": "99",
                                    "left": "99",
                                    "isLinked": true
                                },
                                "st_description_padding_responsive": {
                                    "unit": "px",
                                    "top": "20",
                                    "right": "30",
                                    "bottom": "20",
                                    "left": "30",
                                    "isLinked": false
                                },
                                "__globals__": {
                                    "st_wrapper_open_background_background_color": "",
                                    "st_title_typography_content_typography_typography": "globals\/typography?id=84b7b3c",
                                    "st_title_open_color_responsive": "globals\/colors?id=primary",
                                    "st_title_close_color_responsive": "globals\/colors?id=primary",
                                    "st_title_open_background_background_color": "globals\/colors?id=f3260de",
                                    "st_title_close_background_background_color": "globals\/colors?id=4606ccd",
                                    "st_description_color_responsive": "globals\/colors?id=text",
                                    "st_description_typography_content_typography_typography": "globals\/typography?id=3f78ea6",
                                    "st_icon_open_color_responsive": "globals\/colors?id=primary",
                                    "st_icon_close_color_responsive": "globals\/colors?id=9c705cd"
                                }
                            },
                            "elements": [],
                            "isInner": false,
                            "widgetType": "jkit_accordion",
                            "elType": "widget"
                        }
                    ],
                    "isInner": true,
                    "elType": "container"
                },
                {
                    "id": "3beb548c",
                    "settings": {
                        "content_width": "full",
                        "padding": {
                            "unit": "px",
                            "top": "0",
                            "right": "0",
                            "bottom": "0",
                            "left": "0",
                            "isLinked": false
                        }
                    },
                    "elements": [
                        {
                            "id": "6ddace1c",
                            "settings": {
                                "image": {
                                    "url": "https:\/\/zenlift.tokotema.com\/wp-content\/uploads\/2024\/05\/Image-9.png",
                                    "id": 31,
                                    "size": "",
                                    "alt": "",
                                    "source": "library"
                                }
                            },
                            "elements": [],
                            "isInner": false,
                            "widgetType": "image",
                            "elType": "widget"
                        }
                    ],
                    "isInner": true,
                    "elType": "container"
                }
            ],
            "isInner": false,
            "elType": "container"
        }
    ]
}