{
    "version": "0.4",
    "title": "Error 404",
    "type": "section",
    "metadata": {
        "template_type": "single-404",
        "include_in_zip": "1",
        "elementor_pro_required": null,
        "wp_page_template": "elementor_header_footer"
    },
    "content": [
        {
            "id": "227c26f0",
            "settings": {
                "flex_direction": "column",
                "background_overlay_background": "classic",
                "background_overlay_image": {
                    "url": "https:\/\/zenlift.tokotema.com\/wp-content\/uploads\/2024\/05\/beautiful-adult-lady-do-mindfulness-exercises-and-2023-11-27-04-51-51-utc-1.png",
                    "id": 15,
                    "size": "",
                    "alt": "",
                    "source": "library"
                },
                "background_overlay_position": "center center",
                "background_overlay_repeat": "no-repeat",
                "background_overlay_size": "cover",
                "background_overlay_opacity": {
                    "unit": "px",
                    "size": 1,
                    "sizes": []
                },
                "padding": {
                    "unit": "px",
                    "top": "350",
                    "right": "0",
                    "bottom": "350",
                    "left": "0",
                    "isLinked": false
                },
                "padding_tablet": {
                    "unit": "px",
                    "top": "160",
                    "right": "0",
                    "bottom": "150",
                    "left": "0",
                    "isLinked": false
                },
                "padding_mobile": {
                    "unit": "px",
                    "top": "150",
                    "right": "30",
                    "bottom": "40",
                    "left": "30",
                    "isLinked": false
                }
            },
            "elements": [
                {
                    "id": "206469b1",
                    "settings": {
                        "content_width": "full",
                        "width": {
                            "unit": "%",
                            "size": 50,
                            "sizes": []
                        },
                        "flex_gap": {
                            "column": "14",
                            "row": "14",
                            "isLinked": true,
                            "unit": "px",
                            "size": 14
                        },
                        "padding": {
                            "unit": "px",
                            "top": "0",
                            "right": "0",
                            "bottom": "0",
                            "left": "0",
                            "isLinked": false
                        },
                        "_flex_align_self": "center"
                    },
                    "elements": [
                        {
                            "id": "1de1124b",
                            "settings": {
                                "title": "404",
                                "align": "center",
                                "__globals__": {
                                    "title_color": "globals\/colors?id=80dac37",
                                    "typography_typography": "globals\/typography?id=2e475ad"
                                }
                            },
                            "elements": [],
                            "isInner": false,
                            "widgetType": "heading",
                            "elType": "widget"
                        },
                        {
                            "id": "22e6c8c5",
                            "settings": {
                                "title": "Something's missing.",
                                "align": "center",
                                "__globals__": {
                                    "title_color": "globals\/colors?id=accent",
                                    "typography_typography": "globals\/typography?id=b651d46"
                                }
                            },
                            "elements": [],
                            "isInner": false,
                            "widgetType": "heading",
                            "elType": "widget"
                        },
                        {
                            "id": "66394c4d",
                            "settings": {
                                "title": "This page is missing or you assembled the link incorrectly.",
                                "header_size": "p",
                                "align": "center",
                                "_element_width": "initial",
                                "_element_custom_width": {
                                    "unit": "%",
                                    "size": 59,
                                    "sizes": []
                                },
                                "_flex_align_self": "center",
                                "__globals__": {
                                    "title_color": "globals\/colors?id=da114f6",
                                    "typography_typography": "globals\/typography?id=84b7b3c"
                                },
                                "_element_width_tablet": "inherit"
                            },
                            "elements": [],
                            "isInner": false,
                            "widgetType": "heading",
                            "elType": "widget"
                        },
                        {
                            "id": "4cf0d889",
                            "settings": {
                                "text": "Back To Homepage",
                                "align": "center",
                                "__globals__": {
                                    "typography_typography": "globals\/typography?id=05a429e"
                                }
                            },
                            "elements": [],
                            "isInner": false,
                            "widgetType": "button",
                            "elType": "widget"
                        }
                    ],
                    "isInner": true,
                    "elType": "container"
                }
            ],
            "isInner": false,
            "elType": "container"
        }
    ]
}