{
    "version": "0.4",
    "title": "Global Kit Styles",
    "type": "section",
    "metadata": {
        "template_type": "global-styles",
        "include_in_zip": "1",
        "elementor_pro_required": null,
        "additional_template_information": [
            "These are the global theme styles configured through the Elementor Theme Styles area."
        ],
        "wp_page_template": "default"
    },
    "content": [],
    "page_settings": {
        "colors_enable_styleguide_preview": "yes",
        "system_colors": [
            {
                "_id": "primary",
                "title": "Primary",
                "color": "#222222"
            },
            {
                "_id": "secondary",
                "title": "Secondary",
                "color": "#232323"
            },
            {
                "_id": "text",
                "title": "Text",
                "color": "#909090"
            },
            {
                "_id": "accent",
                "title": "Accent",
                "color": "#D8FF9A"
            }
        ],
        "custom_colors": [
            {
                "_id": "9b2e03b",
                "title": "Green",
                "color": "#B8FF48"
            },
            {
                "_id": "9c705cd",
                "title": "Dark Green",
                "color": "#6BA50F"
            },
            {
                "_id": "f3260de",
                "title": "Soft Green",
                "color": "#F0FFD9"
            },
            {
                "_id": "da114f6",
                "title": "Light Gray 1",
                "color": "#FDFDFD"
            },
            {
                "_id": "4606ccd",
                "title": "Light Gray 2",
                "color": "#F8F8F8"
            },
            {
                "_id": "c8be4ca",
                "title": "Border",
                "color": "#E2E2E2"
            },
            {
                "_id": "1c63132",
                "title": "Main Background",
                "color": "#EFF5F0"
            },
            {
                "_id": "256ffbe",
                "title": "Variant Background",
                "color": "#DDEADE"
            },
            {
                "_id": "80dac37",
                "title": "White",
                "color": "#FFFFFF"
            }
        ],
        "typography_enable_styleguide_preview": "yes",
        "system_typography": [
            {
                "_id": "primary",
                "title": "Primary",
                "typography_typography": "custom",
                "typography_font_family": "Roboto",
                "typography_font_weight": "600"
            },
            {
                "_id": "secondary",
                "title": "Secondary",
                "typography_typography": "custom",
                "typography_font_family": "Roboto Slab",
                "typography_font_weight": "400"
            },
            {
                "_id": "text",
                "title": "Text",
                "typography_typography": "custom",
                "typography_font_family": "Roboto",
                "typography_font_weight": "400"
            },
            {
                "_id": "accent",
                "title": "Accent",
                "typography_typography": "custom",
                "typography_font_family": "Roboto",
                "typography_font_weight": "500"
            }
        ],
        "custom_typography": [
            {
                "_id": "a823db3",
                "title": "H1",
                "typography_typography": "custom",
                "typography_font_family": "Manrope",
                "typography_font_size": {
                    "unit": "rem",
                    "size": 3.5,
                    "sizes": []
                },
                "typography_font_size_mobile": {
                    "unit": "rem",
                    "size": 2.56,
                    "sizes": []
                },
                "typography_font_weight": "400",
                "typography_line_height": {
                    "unit": "em",
                    "size": 1.4,
                    "sizes": []
                }
            },
            {
                "_id": "873c009",
                "title": "H2",
                "typography_typography": "custom",
                "typography_font_family": "Manrope",
                "typography_font_size": {
                    "unit": "rem",
                    "size": 3,
                    "sizes": []
                },
                "typography_font_size_mobile": {
                    "unit": "rem",
                    "size": 2.28,
                    "sizes": []
                },
                "typography_font_weight": "400",
                "typography_line_height": {
                    "unit": "em",
                    "size": 1.4,
                    "sizes": []
                }
            },
            {
                "_id": "2a959d6",
                "title": "H3",
                "typography_typography": "custom",
                "typography_font_family": "Manrope",
                "typography_font_size": {
                    "unit": "rem",
                    "size": 2.5,
                    "sizes": []
                },
                "typography_font_size_mobile": {
                    "unit": "rem",
                    "size": 2,
                    "sizes": []
                },
                "typography_font_weight": "400",
                "typography_line_height": {
                    "unit": "em",
                    "size": 1.4,
                    "sizes": []
                }
            },
            {
                "_id": "33b2562",
                "title": "H4",
                "typography_typography": "custom",
                "typography_font_family": "Manrope",
                "typography_font_size": {
                    "unit": "rem",
                    "size": 1.75,
                    "sizes": []
                },
                "typography_font_size_mobile": {
                    "unit": "rem",
                    "size": 1.5,
                    "sizes": []
                },
                "typography_font_weight": "500",
                "typography_line_height": {
                    "unit": "em",
                    "size": 1.4,
                    "sizes": []
                }
            },
            {
                "_id": "164054c",
                "title": "H5",
                "typography_typography": "custom",
                "typography_font_family": "Manrope",
                "typography_font_size": {
                    "unit": "rem",
                    "size": 1.5,
                    "sizes": []
                },
                "typography_font_size_mobile": {
                    "unit": "rem",
                    "size": 1.2,
                    "sizes": []
                },
                "typography_font_weight": "500",
                "typography_line_height": {
                    "unit": "em",
                    "size": 1.4,
                    "sizes": []
                }
            },
            {
                "_id": "fe4756b",
                "title": "H6",
                "typography_typography": "custom",
                "typography_font_family": "Manrope",
                "typography_font_size": {
                    "unit": "rem",
                    "size": 1.25,
                    "sizes": []
                },
                "typography_font_size_mobile": {
                    "unit": "rem",
                    "size": 1.125,
                    "sizes": []
                },
                "typography_font_weight": "500",
                "typography_line_height": {
                    "unit": "em",
                    "size": 1.4,
                    "sizes": []
                }
            },
            {
                "_id": "b651d46",
                "title": "Sub Title",
                "typography_typography": "custom",
                "typography_font_family": "Marcellus",
                "typography_font_size": {
                    "unit": "rem",
                    "size": 0.875,
                    "sizes": []
                },
                "typography_font_weight": "400",
                "typography_text_transform": "uppercase",
                "typography_line_height": {
                    "unit": "em",
                    "size": 1,
                    "sizes": []
                },
                "typography_letter_spacing": {
                    "unit": "px",
                    "size": 1.6,
                    "sizes": []
                }
            },
            {
                "_id": "84b7b3c",
                "title": "Body 1",
                "typography_typography": "custom",
                "typography_font_family": "Manrope",
                "typography_font_size": {
                    "unit": "rem",
                    "size": 1.125,
                    "sizes": []
                },
                "typography_font_size_mobile": {
                    "unit": "rem",
                    "size": 1,
                    "sizes": []
                },
                "typography_font_weight": "500",
                "typography_line_height": {
                    "unit": "em",
                    "size": 1.6,
                    "sizes": []
                }
            },
            {
                "_id": "7595f76",
                "title": "Body 2",
                "typography_typography": "custom",
                "typography_font_family": "Manrope",
                "typography_font_size": {
                    "unit": "rem",
                    "size": 1,
                    "sizes": []
                },
                "typography_font_size_mobile": {
                    "unit": "rem",
                    "size": 0.875,
                    "sizes": []
                },
                "typography_font_weight": "400",
                "typography_line_height": {
                    "unit": "em",
                    "size": 1.6,
                    "sizes": []
                }
            },
            {
                "_id": "3f78ea6",
                "title": "Body 3",
                "typography_typography": "custom",
                "typography_font_family": "Manrope",
                "typography_font_size": {
                    "unit": "rem",
                    "size": 0.875,
                    "sizes": []
                },
                "typography_font_size_mobile": {
                    "unit": "rem",
                    "size": 0.75,
                    "sizes": []
                },
                "typography_font_weight": "400",
                "typography_line_height": {
                    "unit": "em",
                    "size": 1.6,
                    "sizes": []
                }
            },
            {
                "_id": "0c5bfd4",
                "title": "Quotes",
                "typography_typography": "custom",
                "typography_font_family": "Marcellus",
                "typography_font_size": {
                    "unit": "rem",
                    "size": 3,
                    "sizes": []
                },
                "typography_font_size_mobile": {
                    "unit": "rem",
                    "size": 2.5,
                    "sizes": []
                },
                "typography_font_weight": "400",
                "typography_line_height": {
                    "unit": "em",
                    "size": 1,
                    "sizes": []
                }
            },
            {
                "_id": "ab2e6ef",
                "title": "Caption 1",
                "typography_typography": "custom",
                "typography_font_family": "Marcellus",
                "typography_font_size": {
                    "unit": "rem",
                    "size": 0.75,
                    "sizes": []
                },
                "typography_font_size_mobile": {
                    "unit": "rem",
                    "size": 0.657,
                    "sizes": []
                },
                "typography_font_weight": "400",
                "typography_line_height": {
                    "unit": "em",
                    "size": 1.3,
                    "sizes": []
                }
            },
            {
                "_id": "813a195",
                "title": "Caption 2",
                "typography_typography": "custom",
                "typography_font_family": "Marcellus",
                "typography_font_size": {
                    "unit": "rem",
                    "size": 0.657,
                    "sizes": []
                },
                "typography_font_size_mobile": {
                    "unit": "rem",
                    "size": 0.625,
                    "sizes": []
                },
                "typography_font_weight": "400",
                "typography_line_height": {
                    "unit": "em",
                    "size": 1.3,
                    "sizes": []
                }
            },
            {
                "_id": "05a429e",
                "title": "Button",
                "typography_typography": "custom",
                "typography_font_family": "Marcellus",
                "typography_font_size": {
                    "unit": "rem",
                    "size": 1,
                    "sizes": []
                },
                "typography_font_weight": "400",
                "typography_line_height": {
                    "unit": "em",
                    "size": 1,
                    "sizes": []
                },
                "typography_text_transform": "uppercase"
            },
            {
                "_id": "2e475ad",
                "title": "Display 1",
                "typography_typography": "custom",
                "typography_font_family": "Marcellus",
                "typography_font_size": {
                    "unit": "rem",
                    "size": 6,
                    "sizes": []
                },
                "typography_font_size_mobile": {
                    "unit": "rem",
                    "size": 4.11,
                    "sizes": []
                },
                "typography_font_weight": "400",
                "typography_line_height": {
                    "unit": "em",
                    "size": 1.2,
                    "sizes": []
                }
            }
        ],
        "default_generic_fonts": "Sans-serif",
        "page_title_selector": "h1.entry-title",
        "hello_footer_copyright_text": "All rights reserved",
        "activeItemIndex": 1,
        "viewport_md": 768,
        "viewport_lg": 1025,
        "button_border_radius": {
            "unit": "px",
            "top": "99",
            "right": "99",
            "bottom": "99",
            "left": "99",
            "isLinked": true
        },
        "button_padding": {
            "unit": "px",
            "top": "20",
            "right": "30",
            "bottom": "20",
            "left": "30",
            "isLinked": false
        },
        "__globals__": {
            "h1_color": "globals\/colors?id=primary",
            "h1_typography_typography": "globals\/typography?id=a823db3",
            "h2_color": "globals\/colors?id=primary",
            "h2_typography_typography": "globals\/typography?id=873c009",
            "h3_typography_typography": "globals\/typography?id=2a959d6",
            "h3_color": "globals\/colors?id=primary",
            "h4_color": "globals\/colors?id=primary",
            "h4_typography_typography": "globals\/typography?id=33b2562",
            "h5_typography_typography": "globals\/typography?id=164054c",
            "h6_typography_typography": "globals\/typography?id=fe4756b",
            "h5_color": "globals\/colors?id=primary",
            "h6_color": "globals\/colors?id=primary",
            "body_color": "globals\/colors?id=text",
            "body_typography_typography": "globals\/typography?id=84b7b3c",
            "button_typography_typography": "globals\/typography?id=05a429e",
            "button_text_color": "globals\/colors?id=secondary",
            "button_background_color": "globals\/colors?id=accent"
        }
    }
}