{
    "version": "0.4",
    "title": "Help Center",
    "type": "page",
    "metadata": {
        "template_type": "single-page",
        "include_in_zip": "1",
        "elementor_pro_required": null,
        "wp_page_template": "elementor_header_footer"
    },
    "content": [
        {
            "id": "7b577370",
            "settings": {
                "flex_direction": "column",
                "background_overlay_background": "classic",
                "background_overlay_image": {
                    "url": "https:\/\/zenlift.tokotema.com\/wp-content\/uploads\/2024\/05\/counselor-talking-to-female-patient-2023-11-27-05-30-16-utc-2.png",
                    "id": 17,
                    "size": "",
                    "alt": "",
                    "source": "library"
                },
                "background_overlay_position": "center center",
                "background_overlay_repeat": "no-repeat",
                "background_overlay_size": "cover",
                "background_overlay_opacity": {
                    "unit": "px",
                    "size": 1,
                    "sizes": []
                },
                "padding": {
                    "unit": "px",
                    "top": "240",
                    "right": "0",
                    "bottom": "240",
                    "left": "0",
                    "isLinked": false
                },
                "padding_tablet": {
                    "unit": "px",
                    "top": "160",
                    "right": "0",
                    "bottom": "150",
                    "left": "0",
                    "isLinked": false
                },
                "padding_mobile": {
                    "unit": "px",
                    "top": "150",
                    "right": "30",
                    "bottom": "40",
                    "left": "30",
                    "isLinked": false
                },
                "background_background": "classic"
            },
            "elements": [
                {
                    "id": "662b4629",
                    "settings": {
                        "content_width": "full",
                        "width": {
                            "unit": "%",
                            "size": 50,
                            "sizes": []
                        },
                        "flex_gap": {
                            "column": "14",
                            "row": "14",
                            "isLinked": true,
                            "unit": "px",
                            "size": 14
                        },
                        "padding": {
                            "unit": "px",
                            "top": "0",
                            "right": "0",
                            "bottom": "0",
                            "left": "0",
                            "isLinked": false
                        },
                        "_flex_align_self": "center"
                    },
                    "elements": [
                        {
                            "id": "4688b7ce",
                            "settings": {
                                "title": "Help Center",
                                "align": "center",
                                "__globals__": {
                                    "title_color": "globals\/colors?id=80dac37",
                                    "typography_typography": "globals\/typography?id=a823db3"
                                }
                            },
                            "elements": [],
                            "isInner": false,
                            "widgetType": "heading",
                            "elType": "widget"
                        },
                        {
                            "id": "1d89f4fb",
                            "settings": {
                                "text": "Divider",
                                "gap": {
                                    "unit": "px",
                                    "size": 2,
                                    "sizes": []
                                },
                                "__globals__": {
                                    "color": "globals\/colors?id=80dac37"
                                }
                            },
                            "elements": [],
                            "isInner": false,
                            "widgetType": "divider",
                            "elType": "widget"
                        },
                        {
                            "id": "75de28e5",
                            "settings": {
                                "title": "Odio cras proin proin sit quis fringilla aliquet. Consectetur elementum viverra egestas egestas nulla ullamcorper varius quam.",
                                "header_size": "p",
                                "align": "center",
                                "_element_width": "inherit",
                                "_element_custom_width": {
                                    "unit": "%",
                                    "size": 53,
                                    "sizes": []
                                },
                                "_flex_align_self": "center",
                                "__globals__": {
                                    "title_color": "globals\/colors?id=da114f6",
                                    "typography_typography": "globals\/typography?id=7595f76"
                                }
                            },
                            "elements": [],
                            "isInner": false,
                            "widgetType": "heading",
                            "elType": "widget"
                        }
                    ],
                    "isInner": true,
                    "elType": "container"
                }
            ],
            "isInner": false,
            "elType": "container"
        },
        {
            "id": "1cdd8dee",
            "settings": {
                "flex_direction": "column",
                "padding": {
                    "unit": "px",
                    "top": "120",
                    "right": "0",
                    "bottom": "120",
                    "left": "0",
                    "isLinked": false
                },
                "padding_tablet": {
                    "unit": "px",
                    "top": "40",
                    "right": "40",
                    "bottom": "40",
                    "left": "40",
                    "isLinked": true
                },
                "padding_mobile": {
                    "unit": "px",
                    "top": "40",
                    "right": "30",
                    "bottom": "40",
                    "left": "30",
                    "isLinked": false
                }
            },
            "elements": [
                {
                    "id": "2798841",
                    "settings": {
                        "content_width": "full",
                        "flex_direction": "row",
                        "flex_direction_tablet": "column",
                        "flex_gap": {
                            "column": "50",
                            "row": "50",
                            "isLinked": true,
                            "unit": "px",
                            "size": 50
                        },
                        "padding": {
                            "unit": "px",
                            "top": "0",
                            "right": "0",
                            "bottom": "0",
                            "left": "0",
                            "isLinked": false
                        }
                    },
                    "elements": [
                        {
                            "id": "25f361b0",
                            "settings": {
                                "content_width": "full",
                                "padding": {
                                    "unit": "px",
                                    "top": "0",
                                    "right": "0",
                                    "bottom": "0",
                                    "left": "0",
                                    "isLinked": false
                                },
                                "flex_justify_content": "center",
                                "_flex_order_tablet": "start"
                            },
                            "elements": [
                                {
                                    "id": "4ea241d8",
                                    "settings": {
                                        "content_width": "full",
                                        "flex_direction": "row",
                                        "flex_align_items": "center",
                                        "flex_gap": {
                                            "column": "16",
                                            "row": "16",
                                            "isLinked": true,
                                            "unit": "px",
                                            "size": 16
                                        },
                                        "padding": {
                                            "unit": "px",
                                            "top": "0",
                                            "right": "0",
                                            "bottom": "0",
                                            "left": "0",
                                            "isLinked": false
                                        }
                                    },
                                    "elements": [
                                        {
                                            "id": "5917961c",
                                            "settings": {
                                                "image": {
                                                    "url": "https:\/\/zenlift.tokotema.com\/wp-content\/uploads\/2024\/05\/Star-1.png",
                                                    "id": 51,
                                                    "size": "",
                                                    "alt": "",
                                                    "source": "library"
                                                }
                                            },
                                            "elements": [],
                                            "isInner": false,
                                            "widgetType": "image",
                                            "elType": "widget"
                                        },
                                        {
                                            "id": "37e35026",
                                            "settings": {
                                                "title": "Faq",
                                                "__globals__": {
                                                    "typography_typography": "globals\/typography?id=b651d46"
                                                }
                                            },
                                            "elements": [],
                                            "isInner": false,
                                            "widgetType": "heading",
                                            "elType": "widget"
                                        }
                                    ],
                                    "isInner": true,
                                    "elType": "container"
                                },
                                {
                                    "id": "38db798",
                                    "settings": {
                                        "title": "Your Questions Answered",
                                        "_element_width": "inherit",
                                        "_element_width_mobile": "inherit",
                                        "_element_custom_width": {
                                            "unit": "%",
                                            "size": 72,
                                            "sizes": []
                                        },
                                        "__globals__": {
                                            "typography_typography": "globals\/typography?id=2a959d6"
                                        },
                                        "_margin": {
                                            "unit": "px",
                                            "top": "0",
                                            "right": "0",
                                            "bottom": "20",
                                            "left": "0",
                                            "isLinked": false
                                        }
                                    },
                                    "elements": [],
                                    "isInner": false,
                                    "widgetType": "heading",
                                    "elType": "widget"
                                },
                                {
                                    "id": "7d9c8dd6",
                                    "settings": {
                                        "sg_accordion_list": [
                                            {
                                                "sg_accordion_list_title": "How can I schedule an appointment?",
                                                "sg_accordion_list_content": "<p>Vulputate bibendum erat morbi interdum diam sit. Eu sit dolor vel sodales sed nibh ut. Ac fringilla fames eget a aliquet. Gravida placerat viverra purus sed ac ultricies sem nulla.<\/p>",
                                                "_id": "70abef0"
                                            },
                                            {
                                                "sg_accordion_list_title": "Do you accept insurance?",
                                                "sg_accordion_list_content": "<p>Vulputate bibendum erat morbi interdum diam sit. Eu sit dolor vel sodales sed nibh ut. Ac fringilla fames eget a aliquet. Gravida placerat viverra purus sed ac ultricies sem nulla.<\/p>",
                                                "_id": "54449a1"
                                            },
                                            {
                                                "sg_accordion_list_title": "What types of payment do you accept?",
                                                "sg_accordion_list_content": "<p>Vulputate bibendum erat morbi interdum diam sit. Eu sit dolor vel sodales sed nibh ut. Ac fringilla fames eget a aliquet. Gravida placerat viverra purus sed ac ultricies sem nulla.<\/p>",
                                                "_id": "a8e9bbc"
                                            },
                                            {
                                                "sg_accordion_list_title": "Are your services confidential?",
                                                "sg_accordion_list_content": "<p>Vulputate bibendum erat morbi interdum diam sit. Eu sit dolor vel sodales sed nibh ut. Ac fringilla fames eget a aliquet. Gravida placerat viverra purus sed ac ultricies sem nulla.<\/p>",
                                                "_id": "36436f9"
                                            }
                                        ],
                                        "sg_icon_right": {
                                            "value": "jki jki-arrow-down-solid",
                                            "library": "jkiticon"
                                        },
                                        "sg_icon_right_active": {
                                            "value": "jki jki-arrow-up-solid",
                                            "library": "jkiticon"
                                        },
                                        "st_wrapper_margin_responsive": {
                                            "unit": "px",
                                            "top": "0",
                                            "right": "0",
                                            "bottom": "20",
                                            "left": "0",
                                            "isLinked": false
                                        },
                                        "st_wrapper_open_background_background_background": "classic",
                                        "st_title_open_background_background_background": "classic",
                                        "st_title_open_border_radius_responsive": {
                                            "unit": "px",
                                            "top": "99",
                                            "right": "99",
                                            "bottom": "99",
                                            "left": "99",
                                            "isLinked": true
                                        },
                                        "st_title_close_background_background_background": "classic",
                                        "st_title_close_border_radius_responsive": {
                                            "unit": "px",
                                            "top": "99",
                                            "right": "99",
                                            "bottom": "99",
                                            "left": "99",
                                            "isLinked": true
                                        },
                                        "st_description_padding_responsive": {
                                            "unit": "px",
                                            "top": "20",
                                            "right": "30",
                                            "bottom": "20",
                                            "left": "30",
                                            "isLinked": false
                                        },
                                        "__globals__": {
                                            "st_wrapper_open_background_background_color": "",
                                            "st_title_typography_content_typography_typography": "globals\/typography?id=84b7b3c",
                                            "st_title_open_color_responsive": "globals\/colors?id=primary",
                                            "st_title_close_color_responsive": "globals\/colors?id=primary",
                                            "st_title_open_background_background_color": "globals\/colors?id=f3260de",
                                            "st_title_close_background_background_color": "globals\/colors?id=4606ccd",
                                            "st_description_color_responsive": "globals\/colors?id=text",
                                            "st_description_typography_content_typography_typography": "globals\/typography?id=3f78ea6",
                                            "st_icon_open_color_responsive": "globals\/colors?id=primary",
                                            "st_icon_close_color_responsive": "globals\/colors?id=9c705cd"
                                        }
                                    },
                                    "elements": [],
                                    "isInner": false,
                                    "widgetType": "jkit_accordion",
                                    "elType": "widget"
                                }
                            ],
                            "isInner": true,
                            "elType": "container"
                        },
                        {
                            "id": "7ac570ae",
                            "settings": {
                                "content_width": "full",
                                "padding": {
                                    "unit": "px",
                                    "top": "0",
                                    "right": "0",
                                    "bottom": "0",
                                    "left": "0",
                                    "isLinked": false
                                }
                            },
                            "elements": [
                                {
                                    "id": "61dbf786",
                                    "settings": {
                                        "image": {
                                            "url": "https:\/\/zenlift.tokotema.com\/wp-content\/uploads\/2024\/05\/Image-9.png",
                                            "id": 31,
                                            "size": "",
                                            "alt": "",
                                            "source": "library"
                                        }
                                    },
                                    "elements": [],
                                    "isInner": false,
                                    "widgetType": "image",
                                    "elType": "widget"
                                }
                            ],
                            "isInner": true,
                            "elType": "container"
                        }
                    ],
                    "isInner": true,
                    "elType": "container"
                },
                {
                    "id": "4f0f0a82",
                    "settings": {
                        "content_width": "full",
                        "flex_direction": "row",
                        "flex_direction_tablet": "column",
                        "margin": {
                            "unit": "px",
                            "top": "80",
                            "right": "0",
                            "bottom": "0",
                            "left": "0",
                            "isLinked": false
                        },
                        "padding": {
                            "unit": "px",
                            "top": "0",
                            "right": "0",
                            "bottom": "0",
                            "left": "0",
                            "isLinked": false
                        }
                    },
                    "elements": [
                        {
                            "id": "681186ed",
                            "settings": {
                                "content_width": "full",
                                "flex_gap": {
                                    "column": "14",
                                    "row": "14",
                                    "isLinked": true,
                                    "unit": "px",
                                    "size": 14
                                },
                                "background_background": "classic",
                                "background_hover_background": "classic",
                                "border_radius": {
                                    "unit": "px",
                                    "top": "15",
                                    "right": "15",
                                    "bottom": "15",
                                    "left": "15",
                                    "isLinked": true
                                },
                                "padding": {
                                    "unit": "px",
                                    "top": "40",
                                    "right": "40",
                                    "bottom": "40",
                                    "left": "40",
                                    "isLinked": true
                                },
                                "padding_mobile": {
                                    "unit": "px",
                                    "top": "30",
                                    "right": "30",
                                    "bottom": "30",
                                    "left": "30",
                                    "isLinked": true
                                },
                                "__globals__": {
                                    "background_color": "globals\/colors?id=4606ccd",
                                    "background_hover_color": "globals\/colors?id=f3260de"
                                }
                            },
                            "elements": [
                                {
                                    "id": "184949d4",
                                    "settings": {
                                        "image": {
                                            "url": "https:\/\/zenlift.tokotema.com\/wp-content\/uploads\/2024\/05\/Icon-5.png",
                                            "id": 225,
                                            "size": "",
                                            "alt": "",
                                            "source": "library"
                                        },
                                        "align": "left",
                                        "_margin": {
                                            "unit": "px",
                                            "top": "0",
                                            "right": "0",
                                            "bottom": "16",
                                            "left": "0",
                                            "isLinked": false
                                        }
                                    },
                                    "elements": [],
                                    "isInner": false,
                                    "widgetType": "image",
                                    "elType": "widget"
                                },
                                {
                                    "id": "26bb27cf",
                                    "settings": {
                                        "title": "How to Schedule an Appointment",
                                        "__globals__": {
                                            "typography_typography": "globals\/typography?id=164054c"
                                        }
                                    },
                                    "elements": [],
                                    "isInner": false,
                                    "widgetType": "heading",
                                    "elType": "widget"
                                },
                                {
                                    "id": "32828fba",
                                    "settings": {
                                        "editor": "<p>Id nisl lacus penatibus bibendum vitae lectus et a. Lorem nulla nulla nulla faucibus amet feugiat ultricies. Posuere arcu enim.<\/p>",
                                        "__globals__": {
                                            "typography_typography": "globals\/typography?id=3f78ea6"
                                        }
                                    },
                                    "elements": [],
                                    "isInner": false,
                                    "widgetType": "text-editor",
                                    "elType": "widget"
                                }
                            ],
                            "isInner": true,
                            "elType": "container"
                        },
                        {
                            "id": "57fe2999",
                            "settings": {
                                "content_width": "full",
                                "flex_gap": {
                                    "column": "14",
                                    "row": "14",
                                    "isLinked": true,
                                    "unit": "px",
                                    "size": 14
                                },
                                "background_background": "classic",
                                "background_hover_background": "classic",
                                "border_radius": {
                                    "unit": "px",
                                    "top": "15",
                                    "right": "15",
                                    "bottom": "15",
                                    "left": "15",
                                    "isLinked": true
                                },
                                "padding": {
                                    "unit": "px",
                                    "top": "40",
                                    "right": "40",
                                    "bottom": "40",
                                    "left": "40",
                                    "isLinked": true
                                },
                                "padding_mobile": {
                                    "unit": "px",
                                    "top": "30",
                                    "right": "30",
                                    "bottom": "30",
                                    "left": "30",
                                    "isLinked": true
                                },
                                "__globals__": {
                                    "background_color": "globals\/colors?id=4606ccd",
                                    "background_hover_color": "globals\/colors?id=f3260de"
                                }
                            },
                            "elements": [
                                {
                                    "id": "b273d4a",
                                    "settings": {
                                        "image": {
                                            "url": "https:\/\/zenlift.tokotema.com\/wp-content\/uploads\/2024\/05\/Icon-5.png",
                                            "id": 225,
                                            "size": "",
                                            "alt": "",
                                            "source": "library"
                                        },
                                        "align": "left",
                                        "_margin": {
                                            "unit": "px",
                                            "top": "0",
                                            "right": "0",
                                            "bottom": "16",
                                            "left": "0",
                                            "isLinked": false
                                        }
                                    },
                                    "elements": [],
                                    "isInner": false,
                                    "widgetType": "image",
                                    "elType": "widget"
                                },
                                {
                                    "id": "5d240e3e",
                                    "settings": {
                                        "title": "Services Offered at Zenlift",
                                        "__globals__": {
                                            "typography_typography": "globals\/typography?id=164054c"
                                        }
                                    },
                                    "elements": [],
                                    "isInner": false,
                                    "widgetType": "heading",
                                    "elType": "widget"
                                },
                                {
                                    "id": "46fdc917",
                                    "settings": {
                                        "editor": "<p>Id nisl lacus penatibus bibendum vitae lectus et a. Lorem nulla nulla nulla faucibus amet feugiat ultricies. Posuere arcu enim.<\/p>",
                                        "__globals__": {
                                            "typography_typography": "globals\/typography?id=3f78ea6"
                                        }
                                    },
                                    "elements": [],
                                    "isInner": false,
                                    "widgetType": "text-editor",
                                    "elType": "widget"
                                }
                            ],
                            "isInner": true,
                            "elType": "container"
                        },
                        {
                            "id": "29816f6f",
                            "settings": {
                                "content_width": "full",
                                "flex_gap": {
                                    "column": "14",
                                    "row": "14",
                                    "isLinked": true,
                                    "unit": "px",
                                    "size": 14
                                },
                                "background_background": "classic",
                                "background_hover_background": "classic",
                                "border_radius": {
                                    "unit": "px",
                                    "top": "15",
                                    "right": "15",
                                    "bottom": "15",
                                    "left": "15",
                                    "isLinked": true
                                },
                                "padding": {
                                    "unit": "px",
                                    "top": "40",
                                    "right": "40",
                                    "bottom": "40",
                                    "left": "40",
                                    "isLinked": true
                                },
                                "padding_mobile": {
                                    "unit": "px",
                                    "top": "30",
                                    "right": "30",
                                    "bottom": "30",
                                    "left": "30",
                                    "isLinked": true
                                },
                                "__globals__": {
                                    "background_color": "globals\/colors?id=4606ccd",
                                    "background_hover_color": "globals\/colors?id=f3260de"
                                }
                            },
                            "elements": [
                                {
                                    "id": "66ccc1ef",
                                    "settings": {
                                        "image": {
                                            "url": "https:\/\/zenlift.tokotema.com\/wp-content\/uploads\/2024\/05\/Icon-5.png",
                                            "id": 225,
                                            "size": "",
                                            "alt": "",
                                            "source": "library"
                                        },
                                        "align": "left",
                                        "_margin": {
                                            "unit": "px",
                                            "top": "0",
                                            "right": "0",
                                            "bottom": "16",
                                            "left": "0",
                                            "isLinked": false
                                        }
                                    },
                                    "elements": [],
                                    "isInner": false,
                                    "widgetType": "image",
                                    "elType": "widget"
                                },
                                {
                                    "id": "30a6a9a9",
                                    "settings": {
                                        "title": "Understanding Mental Health Conditions",
                                        "__globals__": {
                                            "typography_typography": "globals\/typography?id=164054c"
                                        }
                                    },
                                    "elements": [],
                                    "isInner": false,
                                    "widgetType": "heading",
                                    "elType": "widget"
                                },
                                {
                                    "id": "3ac383f5",
                                    "settings": {
                                        "editor": "<p>Id nisl lacus penatibus bibendum vitae lectus et a. Lorem nulla nulla nulla faucibus amet feugiat ultricies. Posuere arcu enim.<\/p>",
                                        "__globals__": {
                                            "typography_typography": "globals\/typography?id=3f78ea6"
                                        }
                                    },
                                    "elements": [],
                                    "isInner": false,
                                    "widgetType": "text-editor",
                                    "elType": "widget"
                                }
                            ],
                            "isInner": true,
                            "elType": "container"
                        }
                    ],
                    "isInner": true,
                    "elType": "container"
                }
            ],
            "isInner": false,
            "elType": "container"
        },
        {
            "id": "63c1d809",
            "settings": {
                "flex_direction": "row",
                "flex_gap": {
                    "column": "180",
                    "row": "180",
                    "isLinked": true,
                    "unit": "px",
                    "size": 180
                },
                "flex_gap_tablet": {
                    "column": "40",
                    "row": "40",
                    "isLinked": true,
                    "unit": "px",
                    "size": 40
                },
                "background_background": "classic",
                "padding": {
                    "unit": "px",
                    "top": "120",
                    "right": "0",
                    "bottom": "120",
                    "left": "0",
                    "isLinked": false
                },
                "padding_tablet": {
                    "unit": "px",
                    "top": "40",
                    "right": "40",
                    "bottom": "40",
                    "left": "40",
                    "isLinked": true
                },
                "padding_mobile": {
                    "unit": "px",
                    "top": "40",
                    "right": "30",
                    "bottom": "40",
                    "left": "30",
                    "isLinked": false
                },
                "__globals__": {
                    "background_color": "globals\/colors?id=1c63132"
                }
            },
            "elements": [
                {
                    "id": "71b3756f",
                    "settings": {
                        "content_width": "full",
                        "padding": {
                            "unit": "px",
                            "top": "0",
                            "right": "0",
                            "bottom": "0",
                            "left": "0",
                            "isLinked": false
                        }
                    },
                    "elements": [
                        {
                            "id": "1ad76a2f",
                            "settings": {
                                "content_width": "full",
                                "flex_direction": "row",
                                "flex_align_items": "center",
                                "flex_gap": {
                                    "column": "16",
                                    "row": "16",
                                    "isLinked": true,
                                    "unit": "px",
                                    "size": 16
                                },
                                "padding": {
                                    "unit": "px",
                                    "top": "0",
                                    "right": "0",
                                    "bottom": "0",
                                    "left": "0",
                                    "isLinked": false
                                }
                            },
                            "elements": [
                                {
                                    "id": "1733b957",
                                    "settings": {
                                        "image": {
                                            "url": "https:\/\/zenlift.tokotema.com\/wp-content\/uploads\/2024\/05\/Star-1.png",
                                            "id": 51,
                                            "size": "",
                                            "alt": "",
                                            "source": "library"
                                        }
                                    },
                                    "elements": [],
                                    "isInner": false,
                                    "widgetType": "image",
                                    "elType": "widget"
                                },
                                {
                                    "id": "5a72d2b5",
                                    "settings": {
                                        "title": "Get in Touch",
                                        "__globals__": {
                                            "typography_typography": "globals\/typography?id=b651d46"
                                        }
                                    },
                                    "elements": [],
                                    "isInner": false,
                                    "widgetType": "heading",
                                    "elType": "widget"
                                }
                            ],
                            "isInner": true,
                            "elType": "container"
                        },
                        {
                            "id": "18d42c79",
                            "settings": {
                                "title": "We\u2019d Love to Hear From You",
                                "_element_width": "initial",
                                "_element_width_mobile": "inherit",
                                "_element_custom_width": {
                                    "unit": "%",
                                    "size": 72,
                                    "sizes": []
                                },
                                "__globals__": {
                                    "typography_typography": "globals\/typography?id=2a959d6"
                                },
                                "_margin": {
                                    "unit": "px",
                                    "top": "0",
                                    "right": "0",
                                    "bottom": "20",
                                    "left": "0",
                                    "isLinked": false
                                },
                                "_element_width_tablet": "inherit"
                            },
                            "elements": [],
                            "isInner": false,
                            "widgetType": "heading",
                            "elType": "widget"
                        },
                        {
                            "id": "5707d8d2",
                            "settings": {
                                "editor": "<p>Vulputate bibendum erat morbi interdum diam sit. Eu sit dolor vel sodales sed nibh ut. Ac fringilla fames eget a aliquet. Gravida placerat viverra purus sed ac ultricies sem nulla.<\/p>",
                                "__globals__": {
                                    "typography_typography": "globals\/typography?id=7595f76"
                                }
                            },
                            "elements": [],
                            "isInner": false,
                            "widgetType": "text-editor",
                            "elType": "widget"
                        }
                    ],
                    "isInner": true,
                    "elType": "container"
                },
                {
                    "id": "191f2127",
                    "settings": {
                        "content_width": "full",
                        "padding": {
                            "unit": "px",
                            "top": "0",
                            "right": "0",
                            "bottom": "0",
                            "left": "0",
                            "isLinked": false
                        }
                    },
                    "elements": [
                        {
                            "id": "16d3ba54",
                            "settings": {
                                "content_width": "full",
                                "margin": {
                                    "unit": "px",
                                    "top": "0",
                                    "right": "0",
                                    "bottom": "0",
                                    "left": "0",
                                    "isLinked": false
                                },
                                "padding": {
                                    "unit": "px",
                                    "top": "0",
                                    "right": "0",
                                    "bottom": "0",
                                    "left": "0",
                                    "isLinked": false
                                }
                            },
                            "elements": [
                                {
                                    "id": "73f7608f",
                                    "settings": {
                                        "selected_icon": {
                                            "value": "jki jki-phone-line",
                                            "library": "jkiticon"
                                        },
                                        "view": "stacked",
                                        "title_text": "Phone Number",
                                        "description_text": "+987 654 3210",
                                        "position": "left",
                                        "position_mobile": "left",
                                        "content_vertical_alignment": "middle",
                                        "content_vertical_alignment_mobile": "top",
                                        "title_bottom_space": {
                                            "unit": "px",
                                            "size": 0,
                                            "sizes": []
                                        },
                                        "icon_size": {
                                            "unit": "px",
                                            "size": 14,
                                            "sizes": []
                                        },
                                        "icon_padding": {
                                            "unit": "px",
                                            "size": 10,
                                            "sizes": []
                                        },
                                        "__globals__": {
                                            "title_typography_typography": "globals\/typography?id=164054c",
                                            "description_typography_typography": "globals\/typography?id=3f78ea6",
                                            "primary_color": "globals\/colors?id=9c705cd",
                                            "secondary_color": "globals\/colors?id=80dac37"
                                        }
                                    },
                                    "elements": [],
                                    "isInner": false,
                                    "widgetType": "icon-box",
                                    "elType": "widget"
                                },
                                {
                                    "id": "435dfac9",
                                    "settings": {
                                        "text": "Divider",
                                        "gap": {
                                            "unit": "px",
                                            "size": 2,
                                            "sizes": []
                                        },
                                        "__globals__": {
                                            "color": "globals\/colors?id=c8be4ca"
                                        }
                                    },
                                    "elements": [],
                                    "isInner": false,
                                    "widgetType": "divider",
                                    "elType": "widget"
                                },
                                {
                                    "id": "207cea68",
                                    "settings": {
                                        "selected_icon": {
                                            "value": "far fa-clock",
                                            "library": "fa-regular"
                                        },
                                        "view": "stacked",
                                        "title_text": "Business Hours",
                                        "description_text": "Mon-Fri, 07.00-16.00",
                                        "position": "left",
                                        "position_mobile": "left",
                                        "content_vertical_alignment": "middle",
                                        "content_vertical_alignment_mobile": "top",
                                        "title_bottom_space": {
                                            "unit": "px",
                                            "size": 0,
                                            "sizes": []
                                        },
                                        "icon_size": {
                                            "unit": "px",
                                            "size": 14,
                                            "sizes": []
                                        },
                                        "icon_padding": {
                                            "unit": "px",
                                            "size": 10,
                                            "sizes": []
                                        },
                                        "__globals__": {
                                            "title_typography_typography": "globals\/typography?id=164054c",
                                            "description_typography_typography": "globals\/typography?id=3f78ea6",
                                            "primary_color": "globals\/colors?id=9c705cd",
                                            "secondary_color": "globals\/colors?id=80dac37"
                                        }
                                    },
                                    "elements": [],
                                    "isInner": false,
                                    "widgetType": "icon-box",
                                    "elType": "widget"
                                },
                                {
                                    "id": "5fc4fd38",
                                    "settings": {
                                        "text": "Divider",
                                        "gap": {
                                            "unit": "px",
                                            "size": 2,
                                            "sizes": []
                                        },
                                        "__globals__": {
                                            "color": "globals\/colors?id=c8be4ca"
                                        }
                                    },
                                    "elements": [],
                                    "isInner": false,
                                    "widgetType": "divider",
                                    "elType": "widget"
                                },
                                {
                                    "id": "280f52da",
                                    "settings": {
                                        "selected_icon": {
                                            "value": "jki jki-map-marker1-light",
                                            "library": "jkiticon"
                                        },
                                        "view": "stacked",
                                        "title_text": "Address",
                                        "description_text": "7676 Arden Avenue, Ginashire ",
                                        "position": "left",
                                        "position_mobile": "left",
                                        "content_vertical_alignment": "middle",
                                        "content_vertical_alignment_mobile": "top",
                                        "title_bottom_space": {
                                            "unit": "px",
                                            "size": 0,
                                            "sizes": []
                                        },
                                        "icon_size": {
                                            "unit": "px",
                                            "size": 14,
                                            "sizes": []
                                        },
                                        "icon_padding": {
                                            "unit": "px",
                                            "size": 10,
                                            "sizes": []
                                        },
                                        "__globals__": {
                                            "title_typography_typography": "globals\/typography?id=164054c",
                                            "description_typography_typography": "globals\/typography?id=3f78ea6",
                                            "primary_color": "globals\/colors?id=9c705cd",
                                            "secondary_color": "globals\/colors?id=80dac37"
                                        }
                                    },
                                    "elements": [],
                                    "isInner": false,
                                    "widgetType": "icon-box",
                                    "elType": "widget"
                                }
                            ],
                            "isInner": true,
                            "elType": "container"
                        }
                    ],
                    "isInner": true,
                    "elType": "container"
                }
            ],
            "isInner": false,
            "elType": "container"
        },
        {
            "id": "503d698d",
            "settings": {
                "flex_direction": "column",
                "padding": {
                    "unit": "px",
                    "top": "120",
                    "right": "0",
                    "bottom": "120",
                    "left": "0",
                    "isLinked": false
                },
                "padding_tablet": {
                    "unit": "px",
                    "top": "40",
                    "right": "40",
                    "bottom": "40",
                    "left": "40",
                    "isLinked": true
                },
                "padding_mobile": {
                    "unit": "px",
                    "top": "40",
                    "right": "30",
                    "bottom": "40",
                    "left": "30",
                    "isLinked": false
                }
            },
            "elements": [
                {
                    "id": "65fa8dd7",
                    "settings": {
                        "content_width": "full",
                        "flex_direction": "row",
                        "flex_gap": {
                            "column": "180",
                            "row": "180",
                            "isLinked": true,
                            "unit": "px",
                            "size": 180
                        },
                        "flex_gap_tablet": {
                            "column": "40",
                            "row": "40",
                            "isLinked": true,
                            "unit": "px",
                            "size": 40
                        },
                        "padding": {
                            "unit": "px",
                            "top": "0",
                            "right": "0",
                            "bottom": "0",
                            "left": "0",
                            "isLinked": false
                        }
                    },
                    "elements": [
                        {
                            "id": "4e493292",
                            "settings": {
                                "content_width": "full",
                                "flex_gap": {
                                    "column": "30",
                                    "row": "30",
                                    "isLinked": true,
                                    "unit": "px",
                                    "size": 30
                                },
                                "padding": {
                                    "unit": "px",
                                    "top": "0",
                                    "right": "0",
                                    "bottom": "0",
                                    "left": "0",
                                    "isLinked": false
                                }
                            },
                            "elements": [
                                {
                                    "id": "4638b27e",
                                    "settings": {
                                        "title": "Therapy Sessions",
                                        "__globals__": {
                                            "typography_typography": "globals\/typography?id=164054c"
                                        }
                                    },
                                    "elements": [],
                                    "isInner": false,
                                    "widgetType": "heading",
                                    "elType": "widget"
                                },
                                {
                                    "id": "22b4e9b4",
                                    "settings": {
                                        "sg_accordion_list": [
                                            {
                                                "sg_accordion_list_title": "What types of therapy do you offer?",
                                                "sg_accordion_list_content": "<p>Vulputate bibendum erat morbi interdum diam sit. Eu sit dolor vel sodales sed nibh ut. Ac fringilla fames eget a aliquet. Gravida placerat viverra purus sed ac ultricies sem nulla.<\/p>",
                                                "_id": "70abef0"
                                            },
                                            {
                                                "sg_accordion_list_title": "How long does each therapy session last?",
                                                "sg_accordion_list_content": "<p>Vulputate bibendum erat morbi interdum diam sit. Eu sit dolor vel sodales sed nibh ut. Ac fringilla fames eget a aliquet. Gravida placerat viverra purus sed ac ultricies sem nulla.<\/p>",
                                                "_id": "54449a1"
                                            }
                                        ],
                                        "sg_icon_right": {
                                            "value": "jki jki-arrow-down-solid",
                                            "library": "jkiticon"
                                        },
                                        "sg_icon_right_active": {
                                            "value": "jki jki-arrow-up-solid",
                                            "library": "jkiticon"
                                        },
                                        "st_wrapper_margin_responsive": {
                                            "unit": "px",
                                            "top": "0",
                                            "right": "0",
                                            "bottom": "20",
                                            "left": "0",
                                            "isLinked": false
                                        },
                                        "st_wrapper_open_background_background_background": "classic",
                                        "st_title_open_background_background_background": "classic",
                                        "st_title_open_border_radius_responsive": {
                                            "unit": "px",
                                            "top": "99",
                                            "right": "99",
                                            "bottom": "99",
                                            "left": "99",
                                            "isLinked": true
                                        },
                                        "st_title_close_background_background_background": "classic",
                                        "st_title_close_border_radius_responsive": {
                                            "unit": "px",
                                            "top": "99",
                                            "right": "99",
                                            "bottom": "99",
                                            "left": "99",
                                            "isLinked": true
                                        },
                                        "st_description_padding_responsive": {
                                            "unit": "px",
                                            "top": "20",
                                            "right": "30",
                                            "bottom": "20",
                                            "left": "30",
                                            "isLinked": false
                                        },
                                        "__globals__": {
                                            "st_wrapper_open_background_background_color": "",
                                            "st_title_typography_content_typography_typography": "globals\/typography?id=84b7b3c",
                                            "st_title_open_color_responsive": "globals\/colors?id=primary",
                                            "st_title_close_color_responsive": "globals\/colors?id=primary",
                                            "st_title_open_background_background_color": "globals\/colors?id=f3260de",
                                            "st_title_close_background_background_color": "globals\/colors?id=4606ccd",
                                            "st_description_color_responsive": "globals\/colors?id=text",
                                            "st_description_typography_content_typography_typography": "globals\/typography?id=3f78ea6",
                                            "st_icon_open_color_responsive": "globals\/colors?id=primary",
                                            "st_icon_close_color_responsive": "globals\/colors?id=9c705cd"
                                        }
                                    },
                                    "elements": [],
                                    "isInner": false,
                                    "widgetType": "jkit_accordion",
                                    "elType": "widget"
                                }
                            ],
                            "isInner": true,
                            "elType": "container"
                        },
                        {
                            "id": "264bc42d",
                            "settings": {
                                "content_width": "full",
                                "flex_gap": {
                                    "column": "30",
                                    "row": "30",
                                    "isLinked": true,
                                    "unit": "px",
                                    "size": 30
                                },
                                "padding": {
                                    "unit": "px",
                                    "top": "0",
                                    "right": "0",
                                    "bottom": "0",
                                    "left": "0",
                                    "isLinked": false
                                }
                            },
                            "elements": [
                                {
                                    "id": "7fca0595",
                                    "settings": {
                                        "title": "Psychiatric Consultations",
                                        "__globals__": {
                                            "typography_typography": "globals\/typography?id=164054c"
                                        }
                                    },
                                    "elements": [],
                                    "isInner": false,
                                    "widgetType": "heading",
                                    "elType": "widget"
                                },
                                {
                                    "id": "74ff9da5",
                                    "settings": {
                                        "sg_accordion_list": [
                                            {
                                                "sg_accordion_list_title": "What happens during a psychiatric consultation?",
                                                "sg_accordion_list_content": "<p>Vulputate bibendum erat morbi interdum diam sit. Eu sit dolor vel sodales sed nibh ut. Ac fringilla fames eget a aliquet. Gravida placerat viverra purus sed ac ultricies sem nulla.<\/p>",
                                                "_id": "70abef0"
                                            },
                                            {
                                                "sg_accordion_list_title": "Do I need a referral for a psychiatric consultation?",
                                                "sg_accordion_list_content": "<p>Vulputate bibendum erat morbi interdum diam sit. Eu sit dolor vel sodales sed nibh ut. Ac fringilla fames eget a aliquet. Gravida placerat viverra purus sed ac ultricies sem nulla.<\/p>",
                                                "_id": "54449a1"
                                            }
                                        ],
                                        "sg_icon_right": {
                                            "value": "jki jki-arrow-down-solid",
                                            "library": "jkiticon"
                                        },
                                        "sg_icon_right_active": {
                                            "value": "jki jki-arrow-up-solid",
                                            "library": "jkiticon"
                                        },
                                        "st_wrapper_margin_responsive": {
                                            "unit": "px",
                                            "top": "0",
                                            "right": "0",
                                            "bottom": "20",
                                            "left": "0",
                                            "isLinked": false
                                        },
                                        "st_wrapper_open_background_background_background": "classic",
                                        "st_title_open_background_background_background": "classic",
                                        "st_title_open_border_radius_responsive": {
                                            "unit": "px",
                                            "top": "99",
                                            "right": "99",
                                            "bottom": "99",
                                            "left": "99",
                                            "isLinked": true
                                        },
                                        "st_title_close_background_background_background": "classic",
                                        "st_title_close_border_radius_responsive": {
                                            "unit": "px",
                                            "top": "99",
                                            "right": "99",
                                            "bottom": "99",
                                            "left": "99",
                                            "isLinked": true
                                        },
                                        "st_description_padding_responsive": {
                                            "unit": "px",
                                            "top": "20",
                                            "right": "30",
                                            "bottom": "20",
                                            "left": "30",
                                            "isLinked": false
                                        },
                                        "__globals__": {
                                            "st_wrapper_open_background_background_color": "",
                                            "st_title_typography_content_typography_typography": "globals\/typography?id=84b7b3c",
                                            "st_title_open_color_responsive": "globals\/colors?id=primary",
                                            "st_title_close_color_responsive": "globals\/colors?id=primary",
                                            "st_title_open_background_background_color": "globals\/colors?id=f3260de",
                                            "st_title_close_background_background_color": "globals\/colors?id=4606ccd",
                                            "st_description_color_responsive": "globals\/colors?id=text",
                                            "st_description_typography_content_typography_typography": "globals\/typography?id=3f78ea6",
                                            "st_icon_open_color_responsive": "globals\/colors?id=primary",
                                            "st_icon_close_color_responsive": "globals\/colors?id=9c705cd"
                                        }
                                    },
                                    "elements": [],
                                    "isInner": false,
                                    "widgetType": "jkit_accordion",
                                    "elType": "widget"
                                }
                            ],
                            "isInner": true,
                            "elType": "container"
                        }
                    ],
                    "isInner": true,
                    "elType": "container"
                },
                {
                    "id": "340d9c55",
                    "settings": {
                        "content_width": "full",
                        "flex_direction": "row",
                        "flex_gap": {
                            "column": "180",
                            "row": "180",
                            "isLinked": true,
                            "unit": "px",
                            "size": 180
                        },
                        "flex_gap_tablet": {
                            "column": "40",
                            "row": "40",
                            "isLinked": true,
                            "unit": "px",
                            "size": 40
                        },
                        "padding": {
                            "unit": "px",
                            "top": "0",
                            "right": "0",
                            "bottom": "0",
                            "left": "0",
                            "isLinked": false
                        }
                    },
                    "elements": [
                        {
                            "id": "2cb4d1c1",
                            "settings": {
                                "content_width": "full",
                                "flex_gap": {
                                    "column": "30",
                                    "row": "30",
                                    "isLinked": true,
                                    "unit": "px",
                                    "size": 30
                                },
                                "padding": {
                                    "unit": "px",
                                    "top": "0",
                                    "right": "0",
                                    "bottom": "0",
                                    "left": "0",
                                    "isLinked": false
                                }
                            },
                            "elements": [
                                {
                                    "id": "142d7ab",
                                    "settings": {
                                        "title": "Mindfulness Workshops",
                                        "__globals__": {
                                            "typography_typography": "globals\/typography?id=164054c"
                                        }
                                    },
                                    "elements": [],
                                    "isInner": false,
                                    "widgetType": "heading",
                                    "elType": "widget"
                                },
                                {
                                    "id": "1b61ccdd",
                                    "settings": {
                                        "sg_accordion_list": [
                                            {
                                                "sg_accordion_list_title": "What should I bring to a mindfulness workshop?",
                                                "sg_accordion_list_content": "<p>Vulputate bibendum erat morbi interdum diam sit. Eu sit dolor vel sodales sed nibh ut. Ac fringilla fames eget a aliquet. Gravida placerat viverra purus sed ac ultricies sem nulla.<\/p>",
                                                "_id": "70abef0"
                                            },
                                            {
                                                "sg_accordion_list_title": "Do I need prior experience in meditation to attend the workshops?",
                                                "sg_accordion_list_content": "<p>Vulputate bibendum erat morbi interdum diam sit. Eu sit dolor vel sodales sed nibh ut. Ac fringilla fames eget a aliquet. Gravida placerat viverra purus sed ac ultricies sem nulla.<\/p>",
                                                "_id": "54449a1"
                                            }
                                        ],
                                        "sg_icon_right": {
                                            "value": "jki jki-arrow-down-solid",
                                            "library": "jkiticon"
                                        },
                                        "sg_icon_right_active": {
                                            "value": "jki jki-arrow-up-solid",
                                            "library": "jkiticon"
                                        },
                                        "st_wrapper_margin_responsive": {
                                            "unit": "px",
                                            "top": "0",
                                            "right": "0",
                                            "bottom": "20",
                                            "left": "0",
                                            "isLinked": false
                                        },
                                        "st_wrapper_open_background_background_background": "classic",
                                        "st_title_open_background_background_background": "classic",
                                        "st_title_open_border_radius_responsive": {
                                            "unit": "px",
                                            "top": "99",
                                            "right": "99",
                                            "bottom": "99",
                                            "left": "99",
                                            "isLinked": true
                                        },
                                        "st_title_close_background_background_background": "classic",
                                        "st_title_close_border_radius_responsive": {
                                            "unit": "px",
                                            "top": "99",
                                            "right": "99",
                                            "bottom": "99",
                                            "left": "99",
                                            "isLinked": true
                                        },
                                        "st_description_padding_responsive": {
                                            "unit": "px",
                                            "top": "20",
                                            "right": "30",
                                            "bottom": "20",
                                            "left": "30",
                                            "isLinked": false
                                        },
                                        "__globals__": {
                                            "st_wrapper_open_background_background_color": "",
                                            "st_title_typography_content_typography_typography": "globals\/typography?id=84b7b3c",
                                            "st_title_open_color_responsive": "globals\/colors?id=primary",
                                            "st_title_close_color_responsive": "globals\/colors?id=primary",
                                            "st_title_open_background_background_color": "globals\/colors?id=f3260de",
                                            "st_title_close_background_background_color": "globals\/colors?id=4606ccd",
                                            "st_description_color_responsive": "globals\/colors?id=text",
                                            "st_description_typography_content_typography_typography": "globals\/typography?id=3f78ea6",
                                            "st_icon_open_color_responsive": "globals\/colors?id=primary",
                                            "st_icon_close_color_responsive": "globals\/colors?id=9c705cd"
                                        }
                                    },
                                    "elements": [],
                                    "isInner": false,
                                    "widgetType": "jkit_accordion",
                                    "elType": "widget"
                                }
                            ],
                            "isInner": true,
                            "elType": "container"
                        },
                        {
                            "id": "dff35b4",
                            "settings": {
                                "content_width": "full",
                                "flex_gap": {
                                    "column": "30",
                                    "row": "30",
                                    "isLinked": true,
                                    "unit": "px",
                                    "size": 30
                                },
                                "padding": {
                                    "unit": "px",
                                    "top": "0",
                                    "right": "0",
                                    "bottom": "0",
                                    "left": "0",
                                    "isLinked": false
                                }
                            },
                            "elements": [
                                {
                                    "id": "30111603",
                                    "settings": {
                                        "title": "Teletherapy Services",
                                        "__globals__": {
                                            "typography_typography": "globals\/typography?id=164054c"
                                        }
                                    },
                                    "elements": [],
                                    "isInner": false,
                                    "widgetType": "heading",
                                    "elType": "widget"
                                },
                                {
                                    "id": "6e29f410",
                                    "settings": {
                                        "sg_accordion_list": [
                                            {
                                                "sg_accordion_list_title": "How do teletherapy sessions work?",
                                                "sg_accordion_list_content": "<p>Vulputate bibendum erat morbi interdum diam sit. Eu sit dolor vel sodales sed nibh ut. Ac fringilla fames eget a aliquet. Gravida placerat viverra purus sed ac ultricies sem nulla.<\/p>",
                                                "_id": "70abef0"
                                            },
                                            {
                                                "sg_accordion_list_title": "Are teletherapy sessions as effective as in-person sessions?",
                                                "sg_accordion_list_content": "<p>Vulputate bibendum erat morbi interdum diam sit. Eu sit dolor vel sodales sed nibh ut. Ac fringilla fames eget a aliquet. Gravida placerat viverra purus sed ac ultricies sem nulla.<\/p>",
                                                "_id": "54449a1"
                                            }
                                        ],
                                        "sg_icon_right": {
                                            "value": "jki jki-arrow-down-solid",
                                            "library": "jkiticon"
                                        },
                                        "sg_icon_right_active": {
                                            "value": "jki jki-arrow-up-solid",
                                            "library": "jkiticon"
                                        },
                                        "st_wrapper_margin_responsive": {
                                            "unit": "px",
                                            "top": "0",
                                            "right": "0",
                                            "bottom": "20",
                                            "left": "0",
                                            "isLinked": false
                                        },
                                        "st_wrapper_open_background_background_background": "classic",
                                        "st_title_open_background_background_background": "classic",
                                        "st_title_open_border_radius_responsive": {
                                            "unit": "px",
                                            "top": "99",
                                            "right": "99",
                                            "bottom": "99",
                                            "left": "99",
                                            "isLinked": true
                                        },
                                        "st_title_close_background_background_background": "classic",
                                        "st_title_close_border_radius_responsive": {
                                            "unit": "px",
                                            "top": "99",
                                            "right": "99",
                                            "bottom": "99",
                                            "left": "99",
                                            "isLinked": true
                                        },
                                        "st_description_padding_responsive": {
                                            "unit": "px",
                                            "top": "20",
                                            "right": "30",
                                            "bottom": "20",
                                            "left": "30",
                                            "isLinked": false
                                        },
                                        "__globals__": {
                                            "st_wrapper_open_background_background_color": "",
                                            "st_title_typography_content_typography_typography": "globals\/typography?id=84b7b3c",
                                            "st_title_open_color_responsive": "globals\/colors?id=primary",
                                            "st_title_close_color_responsive": "globals\/colors?id=primary",
                                            "st_title_open_background_background_color": "globals\/colors?id=f3260de",
                                            "st_title_close_background_background_color": "globals\/colors?id=4606ccd",
                                            "st_description_color_responsive": "globals\/colors?id=text",
                                            "st_description_typography_content_typography_typography": "globals\/typography?id=3f78ea6",
                                            "st_icon_open_color_responsive": "globals\/colors?id=primary",
                                            "st_icon_close_color_responsive": "globals\/colors?id=9c705cd"
                                        }
                                    },
                                    "elements": [],
                                    "isInner": false,
                                    "widgetType": "jkit_accordion",
                                    "elType": "widget"
                                }
                            ],
                            "isInner": true,
                            "elType": "container"
                        }
                    ],
                    "isInner": true,
                    "elType": "container"
                }
            ],
            "isInner": false,
            "elType": "container"
        }
    ]
}